Date,Open,Close,High,Low,Volume
4-Jan-16,230.720001,223.410004,231.380005,219,6827100
5-Jan-16,226.360001,223.429993,226.889999,220,3186800
6-Jan-16,220,219.039993,220.050003,215.979996,3779100
7-Jan-16,214.190002,215.649994,218.440002,213.669998,3554300
8-Jan-16,217.860001,211,220.440002,210.770004,3628100
11-Jan-16,214.009995,207.850006,214.449997,203,4089700
12-Jan-16,211.600006,209.970001,213.740005,205.309998,3091900
13-Jan-16,212.009995,200.309998,212.649994,200,4126400
14-Jan-16,202.210007,206.179993,210,193.380005,6490700
15-Jan-16,198.970001,204.990005,205.070007,197.25,5578600
19-Jan-16,208.710007,204.720001,210.470001,200.779999,4038700
20-Jan-16,199.399994,198.699997,201.279999,191.25,5838600
21-Jan-16,201.550003,199.970001,203.229996,195.020004,3166200
22-Jan-16,204.800003,202.550003,205.5,199.029999,3124100
25-Jan-16,200.059998,196.380005,203.570007,195.880005,2698700
26-Jan-16,196.699997,193.559998,197.820007,188.880005,4946800
27-Jan-16,192.380005,188.070007,193.259995,185.770004,3617200
28-Jan-16,190.789993,189.699997,191.279999,182.410004,4592800
29-Jan-16,189.949997,191.199997,193.740005,188.080002,2852300
1-Feb-16,188.759995,196.940002,199.520004,182.75,5297600
2-Feb-16,192.419998,182.779999,193.119995,180.229996,5773600
3-Feb-16,183.589996,173.479996,183.940002,170.179993,7931400
4-Feb-16,170.699997,175.330002,175.979996,166.990005,4363900
5-Feb-16,171.300003,162.600006,173,157.740005,9437600
8-Feb-16,157.100006,147.990005,157.149994,146,9313000
9-Feb-16,142.320007,148.25,159.789993,141.050003,8575100
10-Feb-16,150.5,143.669998,154.970001,141.740005,10406500
11-Feb-16,152,150.470001,163.259995,147,14252400
12-Feb-16,155,151.039993,157.009995,143.699997,7235800
16-Feb-16,158.699997,155.169998,162.949997,154.110001,5593800
17-Feb-16,159,168.679993,169.339996,156.679993,5825200
18-Feb-16,172.419998,166.770004,172.949997,164.770004,3887600
19-Feb-16,163.660004,166.580002,167.490005,162.5,2959400
22-Feb-16,170.119995,177.740005,178.910004,169.850006,5060100
23-Feb-16,176.160004,177.210007,181.729996,173.679993,5984400
24-Feb-16,172.75,179,179.5,167.839996,5395600
25-Feb-16,178.649994,187.429993,188.520004,175.199997,5720500
26-Feb-16,188.699997,190.339996,192,185,6065100
29-Feb-16,192.399994,191.929993,196.350006,189.220001,4499000
1-Mar-16,194.25,186.350006,195.949997,182.699997,6712200
2-Mar-16,183.729996,188.339996,188.520004,181.5,4862400
3-Mar-16,188.279999,195.740005,197.419998,184.220001,4820500
4-Mar-16,198,201.039993,204.029999,197.5,6489100
7-Mar-16,197.679993,205.289993,209.699997,197.399994,5329400
8-Mar-16,203.5,202.600006,207.5,202.199997,4178700
9-Mar-16,204.520004,208.720001,209.369995,202.789993,3208600
10-Mar-16,210,205.179993,213.289993,200.669998,5183200
11-Mar-16,207.929993,207.5,209.419998,205.330002,3343100
14-Mar-16,212.649994,215.149994,216.720001,210.639999,4065700
15-Mar-16,214.270004,218.339996,218.970001,211.5,3180500
16-Mar-16,218,221.929993,222.580002,217.020004,3516700
17-Mar-16,221.470001,226.380005,228.5,220,3782900
18-Mar-16,229.100006,232.740005,234.479996,228.059998,4711800
21-Mar-16,235.339996,238.320007,239.880005,235,5307800
22-Mar-16,237.210007,234.240005,238.990005,232.559998,4316000
23-Mar-16,232.369995,222.580002,234.729996,222.029999,4948800
24-Mar-16,215.779999,227.75,228.889999,215,4960900
28-Mar-16,231.610001,230.259995,234.809998,225,3925700
29-Mar-16,229.889999,230.130005,232.380005,225.330002,4004900
30-Mar-16,235.089996,226.889999,235.5,226.5,4033000
31-Mar-16,229.339996,229.770004,237.419998,225.009995,8012900
1-Apr-16,244.830002,237.589996,247.899994,233.25,15997500
4-Apr-16,249.119995,246.990005,252.119995,243.639999,13475300
5-Apr-16,240.5,255.470001,256.559998,240,9948700
6-Apr-16,253.970001,265.420013,267.73999,253.449997,11679900
7-Apr-16,266.450012,257.200012,269.339996,254.509995,8856200
8-Apr-16,260.5,250.070007,260.820007,248.020004,7363900
11-Apr-16,251,249.919998,258.98999,245.300003,9161700
12-Apr-16,249.5,247.820007,251.800003,243.630005,5750800
13-Apr-16,248.509995,254.529999,255.5,247.330002,4925600
14-Apr-16,253,251.860001,256.839996,251.050003,4120000
15-Apr-16,251.309998,254.509995,254.600006,249.119995,3752400
18-Apr-16,252.229996,253.880005,258.309998,251.660004,4261800
19-Apr-16,253.119995,247.369995,254.369995,241.25,6357500
20-Apr-16,246.259995,249.970001,253.660004,241.5,5194100
21-Apr-16,248.990005,248.289993,250.899994,246.910004,2783100
22-Apr-16,248.889999,253.75,254,245.710007,3786300
25-Apr-16,253.009995,251.820007,257.380005,250.759995,3670300
26-Apr-16,252.050003,253.740005,255.729996,249.389999,3223800
27-Apr-16,252.75,251.470001,255,249.399994,3205800
28-Apr-16,249.850006,247.710007,253.429993,247.440002,2519000
29-Apr-16,248.139999,240.759995,248.429993,237.809998,5413800
2-May-16,241.5,241.800003,243.190002,234.820007,3843900
3-May-16,237.360001,232.320007,238.910004,231.619995,4302200
4-May-16,230.289993,222.559998,234.460007,220.399994,8262500
5-May-16,228.460007,211.529999,228.639999,209.789993,11254800
6-May-16,210.869995,214.929993,216.369995,208.110001,5685200
9-May-16,215.720001,208.919998,216.149994,206.800003,4776400
10-May-16,207.550003,208.690002,209.470001,205,4065200
11-May-16,207.589996,208.960007,215.479996,206.050003,5161900
12-May-16,211.440002,207.279999,211.669998,203.660004,3650500
13-May-16,207.779999,207.610001,211.199997,206.699997,2822800
16-May-16,208.149994,208.289993,213.149994,207.919998,2949400
17-May-16,209.050003,204.660004,209.820007,204.020004,2843600
18-May-16,209.149994,211.169998,215.309998,207.75,5617500
19-May-16,213.619995,215.210007,216.789993,207.300003,6866300
20-May-16,216.990005,220.279999,220.550003,216.350006,9007100
23-May-16,219.869995,216.220001,222.600006,215.860001,5093200
24-May-16,216.600006,217.910004,218.740005,215.179993,3013800
25-May-16,217.910004,219.580002,221.360001,216.509995,3126800
26-May-16,220.5,225.119995,225.259995,219.050003,4064000
27-May-16,224.990005,223.039993,225.929993,220.75,3650300
31-May-16,223.039993,223.229996,224.75,221.5,2789000
1-Jun-16,221.479996,219.559998,222.399994,216.889999,2982700
2-Jun-16,219.589996,218.960007,219.910004,217.110001,2009400
3-Jun-16,220,218.990005,221.940002,218.009995,2229000
6-Jun-16,218,220.679993,220.899994,215.449997,2249500
7-Jun-16,222.240005,232.339996,234.440002,221.520004,6213600
8-Jun-16,233.800003,235.520004,240.850006,232.610001,5972000
9-Jun-16,234.979996,229.360001,235.330002,227.059998,4492100
10-Jun-16,227.389999,218.789993,227.970001,218.419998,6026600
13-Jun-16,219.5,217.869995,225.770004,217.660004,4193000
14-Jun-16,218.880005,214.960007,222.199997,212.529999,3580200
15-Jun-16,216.949997,217.699997,221.899994,215.130005,2908500
16-Jun-16,217.419998,217.929993,218.039993,213.5,2440300
17-Jun-16,217.809998,215.470001,219.990005,214.5,3112600
20-Jun-16,219.5,219.699997,223.75,218.229996,3555500
21-Jun-16,220.679993,219.610001,222.570007,218.809998,4529000
22-Jun-16,199.470001,196.660004,205.949997,195.75,23742400
23-Jun-16,195.690002,196.399994,197.550003,192.130005,10130700
24-Jun-16,190.050003,193.149994,195.119995,189.729996,7026500
27-Jun-16,190.860001,198.550003,198.809998,187.869995,7205400
28-Jun-16,201.889999,201.789993,204.050003,199.410004,6212400
29-Jun-16,205.130005,210.190002,211.779999,203,5994900
30-Jun-16,212.970001,212.279999,213.5,209.020004,4843100
1-Jul-16,206.139999,216.5,218.240005,206,5400000
5-Jul-16,209.729996,213.979996,214.539993,208,5175300
6-Jul-16,210,214.440002,215.229996,209,4919900
7-Jul-16,213.100006,215.940002,218.119995,213.009995,3599700
8-Jul-16,217.800003,216.779999,219.809998,214.5,4074800
11-Jul-16,219.960007,224.779999,226.779999,219.509995,5429800
12-Jul-16,224.100006,224.649994,227.5,223.220001,4571300
13-Jul-16,225.5,222.529999,225.589996,220.289993,3567100
14-Jul-16,223.119995,221.529999,224.940002,221.050003,2675800
15-Jul-16,222.520004,220.399994,222.75,219.639999,2234200
18-Jul-16,219.639999,226.25,227.089996,218.300003,3412100
19-Jul-16,225,225.259995,229.100006,224.75,3115100
20-Jul-16,226.470001,228.360001,229.800003,225,2568500
21-Jul-16,226,220.5,227.850006,219.100006,4428700
22-Jul-16,221.990005,222.270004,224.5,218.880005,2579700
25-Jul-16,222.270004,230.009995,231.389999,221.369995,4490700
26-Jul-16,227.690002,229.509995,230,225.300003,3430000
27-Jul-16,229.339996,228.490005,233.360001,226.919998,2885200
28-Jul-16,227.949997,230.610001,230.759995,226.600006,2419100
29-Jul-16,230.699997,234.789993,235.279999,230.240005,3070800
1-Aug-16,235.5,230.009995,236.630005,229.380005,4016300
2-Aug-16,229.369995,227.199997,229.869995,221.399994,3934400
3-Aug-16,227.369995,225.789993,229.699997,224.210007,3887800
4-Aug-16,225.690002,230.610001,230.860001,222.050003,4122800
5-Aug-16,230,230.029999,232,227.399994,3205200
8-Aug-16,228,226.160004,229.600006,226.089996,2263600
9-Aug-16,226.820007,229.080002,231.539993,226.649994,2207800
10-Aug-16,228.240005,225.649994,229.869995,224.619995,2338300
11-Aug-16,226.169998,224.910004,227.570007,223.410004,1875800
12-Aug-16,225.410004,225.610001,226.649994,224.039993,1813500
15-Aug-16,226.020004,225.589996,229.5,224.929993,2034300
16-Aug-16,225.490005,223.610001,227.190002,223.410004,2267100
17-Aug-16,224.330002,223.240005,224.830002,222.800003,1787100
18-Aug-16,223.820007,223.509995,225.660004,222.289993,1714500
19-Aug-16,223.539993,225,225.169998,222.529999,1659500
22-Aug-16,224.169998,222.929993,225.110001,222.679993,2065500
23-Aug-16,224.320007,224.839996,228.490005,222.800003,4784400
24-Aug-16,227.050003,222.619995,227.149994,222.220001,2570700
25-Aug-16,223.110001,220.960007,223.800003,220.770004,1762500
26-Aug-16,222.139999,219.990005,222.860001,218.820007,2239000
29-Aug-16,220.149994,215.199997,220.399994,215,3257100
30-Aug-16,216.110001,211.339996,216.110001,210.520004,3168900
31-Aug-16,210.429993,212.009995,212.600006,208.649994,3276500
1-Sep-16,209.009995,200.770004,211.100006,200.5,7943100
2-Sep-16,202.330002,197.779999,203.199997,196.199997,5977400
6-Sep-16,199.020004,202.830002,203.25,199,4390600
7-Sep-16,205.5,201.710007,206.5,200.710007,3640900
8-Sep-16,199.550003,197.360001,199.889999,196.360001,3370000
9-Sep-16,199.089996,194.470001,199.919998,193.699997,3757000
12-Sep-16,195,198.300003,201.369995,194.100006,3715200
13-Sep-16,197.059998,196.050003,198.490005,193.449997,3589400
14-Sep-16,195.75,196.410004,197.919998,194.860001,2254500
15-Sep-16,196.490005,200.419998,202.520004,196.399994,3077200
16-Sep-16,200.419998,205.399994,205.699997,199,3107800
19-Sep-16,207,206.339996,209.429993,205,2297000
20-Sep-16,206.850006,204.639999,207.75,203.910004,2410500
21-Sep-16,206.369995,205.220001,207,201.559998,2633500
22-Sep-16,206.399994,206.429993,207.279999,203,2382900
23-Sep-16,205.990005,207.449997,210.179993,205.669998,2905200
26-Sep-16,206.5,208.990005,211,206.5,2394400
27-Sep-16,209.649994,205.809998,209.979996,204.610001,3373200
28-Sep-16,207.509995,206.270004,208.25,205.259995,2088400
29-Sep-16,205.600006,200.699997,207.330002,200.580002,2727000
30-Sep-16,202.210007,204.029999,204.979996,199.550003,2586300
3-Oct-16,212.300003,213.699997,215.669998,208.25,5999900
4-Oct-16,213.100006,211.410004,213.320007,208.820007,3541500
5-Oct-16,212.240005,208.460007,213.149994,208.119995,1877500
6-Oct-16,202.460007,201,204.210007,200.210007,4703400
7-Oct-16,201,196.610001,201.320007,195.800003,3493000
10-Oct-16,201.350006,200.949997,204.139999,199.660004,3303100
11-Oct-16,201.850006,200.100006,202.199997,198.309998,2328400
12-Oct-16,200.949997,201.509995,203.880005,200.419998,1970700
13-Oct-16,200.5,200.240005,200.899994,197.050003,2494600
14-Oct-16,200.660004,196.509995,201.429993,196.300003,4269900
17-Oct-16,197.050003,193.960007,198.389999,192,4554100
18-Oct-16,195.990005,199.100006,199.470001,193.259995,5669000
19-Oct-16,199.740005,203.559998,206.660004,198.059998,6991200
20-Oct-16,202.119995,199.100006,203,197.050003,5072900
21-Oct-16,198.600006,200.089996,201.570007,197.410004,2943400
24-Oct-16,201,202.759995,203.949997,200.25,2751600
25-Oct-16,202.899994,202.339996,204.690002,201.199997,2445000
26-Oct-16,201,202.240005,203.190002,200.100006,5632800
27-Oct-16,211.339996,204.009995,213.699997,201.649994,13093700
28-Oct-16,204,199.970001,205.320007,199.830002,4280100
31-Oct-16,202.490005,197.729996,202.490005,195.809998,4692300
1-Nov-16,198.039993,190.789993,198.5,188.110001,7060000
2-Nov-16,190.050003,188.020004,192.699997,187.509995,4253400
3-Nov-16,189,187.419998,191.470001,187.039993,2653000
4-Nov-16,189,190.559998,193.460007,185.960007,5146000
7-Nov-16,193.589996,193.210007,194.289993,190.050003,3870100
8-Nov-16,193.789993,194.940002,197.490005,191.259995,3251400
9-Nov-16,186.880005,190.059998,192,183.949997,8173100
10-Nov-16,191.050003,185.350006,191.610001,180.419998,6750300
11-Nov-16,184.240005,188.559998,188.880005,183,3988500
14-Nov-16,188,181.449997,188.25,178.190002,6542200
15-Nov-16,182.779999,183.770004,186.429993,182.050003,3902000
16-Nov-16,182.649994,183.929993,184.729996,181.210007,3430400
17-Nov-16,183.490005,188.660004,189.490005,182.110001,4887100
18-Nov-16,190.649994,185.020004,193,185,5210300
21-Nov-16,185.039993,184.520004,188.889999,184.410004,4361000
22-Nov-16,185.839996,191.169998,191.470001,183.710007,5603400
23-Nov-16,190.610001,193.139999,195.639999,189,4885300
25-Nov-16,193.639999,196.649994,197.240005,193.639999,2366100
28-Nov-16,195.479996,196.119995,199.350006,194.550003,4529200
29-Nov-16,195.559998,189.570007,196.729996,189.5,4439300
30-Nov-16,191,189.399994,191.889999,187.5,3547100
1-Dec-16,188.25,181.880005,188.529999,181,5126400
2-Dec-16,182.880005,181.470001,184.880005,180,4042300
5-Dec-16,182.509995,186.800003,188.889999,182.509995,4072200
6-Dec-16,185.520004,185.850006,186.580002,182.679993,3391600
7-Dec-16,186.149994,193.149994,193.399994,185,5461900
8-Dec-16,192.050003,192.289993,192.5,189.539993,3194100
9-Dec-16,190.869995,192.179993,193.839996,190.809998,2722500
12-Dec-16,192.800003,192.429993,194.419998,191.179993,2438900
13-Dec-16,193.179993,198.149994,201.279999,193,6823900
14-Dec-16,198.740005,198.690002,203,196.759995,4150900
15-Dec-16,198.410004,197.580002,200.740005,197.389999,3219600
16-Dec-16,198.080002,202.490005,202.589996,197.600006,3779800
19-Dec-16,202.490005,202.729996,204.449997,199.839996,3488100
20-Dec-16,203.050003,208.789993,209,202.5,4689100
21-Dec-16,208.449997,207.699997,212.229996,207.410004,5207600
22-Dec-16,208.220001,208.449997,209.990005,206.5,3111100
23-Dec-16,208,213.339996,213.449997,207.710007,4662900
27-Dec-16,214.880005,219.529999,222.25,214.419998,5915700
28-Dec-16,221.529999,219.740005,223.800003,217.199997,3782500
29-Dec-16,218.559998,214.679993,219.199997,214.119995,4035900
30-Dec-16,216.300003,213.690002,217.5,211.679993,4642600
3-Jan-17,214.860001,216.990005,220.330002,210.960007,5923300
4-Jan-17,214.75,226.990005,228,214.309998,11213500
5-Jan-17,226.419998,226.75,227.479996,221.949997,5911700
6-Jan-17,226.929993,229.009995,230.309998,225.449997,5527900
9-Jan-17,228.970001,231.279999,231.919998,228,3957000
10-Jan-17,232,229.869995,232,226.889999,3660000
11-Jan-17,229.070007,229.729996,229.979996,226.679993,3650800
12-Jan-17,229.059998,229.589996,230.699997,225.580002,3790200
13-Jan-17,230,237.75,237.850006,229.589996,6093000
17-Jan-17,236.699997,235.580002,239.960007,234.369995,4611900
18-Jan-17,236.649994,238.360001,239.710007,235.580002,3769000
19-Jan-17,247.25,243.759995,248.679993,240.75,7732300
20-Jan-17,245.460007,244.729996,246,243.009995,4204300
23-Jan-17,245.850006,248.919998,250.889999,245.5,6262900
24-Jan-17,250,254.610001,254.800003,249.649994,4965500
25-Jan-17,257.309998,254.470001,258.459991,251.800003,5142600
26-Jan-17,254.289993,252.509995,255.740005,250.75,3152100
27-Jan-17,251.380005,252.949997,253,248.520004,3166300
30-Jan-17,252.529999,250.630005,255.289993,247.100006,3801100
31-Jan-17,249.240005,251.929993,255.889999,247.699997,4116100
1-Feb-17,253.050003,249.240005,253.199997,249.050003,3958800
2-Feb-17,248.339996,251.550003,252.419998,247.710007,2499800
3-Feb-17,251.910004,251.330002,252.179993,249.679993,2186700
6-Feb-17,251,257.769989,257.820007,250.630005,3562500
7-Feb-17,258.190002,257.480011,260,256.420013,4244800
8-Feb-17,257.350006,262.079987,263.359985,256.200012,3933000
9-Feb-17,266.25,269.200012,271.179993,266.149994,7820200
10-Feb-17,269.790009,269.230011,270.950012,266.109985,3619700
13-Feb-17,270.73999,280.600006,280.790009,270.51001,7029600
14-Feb-17,279.029999,280.980011,287.390015,278.609985,7329400
15-Feb-17,280,279.76001,282.23999,276.440002,4947900
16-Feb-17,277.600006,268.950012,280,268.5,7077300
17-Feb-17,265.799988,272.230011,272.890015,264.149994,6257100
21-Feb-17,275.450012,277.390015,281.399994,274.01001,5676700
22-Feb-17,280.309998,273.51001,283.450012,272.600006,8755000
23-Feb-17,264,255.990005,264.660004,255.559998,14915200
24-Feb-17,252.660004,257,258.25,250.199997,8171600
27-Feb-17,248.169998,246.229996,248.360001,242.009995,11460800
28-Feb-17,244.190002,249.990005,251,243.899994,6078100
1-Mar-17,254.179993,250.020004,254.850006,249.110001,4809500
2-Mar-17,249.710007,250.479996,253.279999,248.270004,3351800
3-Mar-17,250.740005,251.570007,251.899994,249,2919400
6-Mar-17,247.910004,251.210007,251.699997,247.509995,3355500
7-Mar-17,251.919998,248.589996,253.889999,248.320007,3459500
8-Mar-17,247,246.869995,250.070007,245.320007,3725200
9-Mar-17,247.630005,244.899994,248.660004,243,3879300
10-Mar-17,246.210007,243.690002,246.5,243,3066300
13-Mar-17,244.820007,246.169998,246.850006,242.779999,3022600
14-Mar-17,246.110001,258,258.119995,246.020004,7598400
15-Mar-17,257,255.729996,261,254.270004,5330800
16-Mar-17,262.399994,262.049988,265.75,259.059998,7132200
17-Mar-17,264,261.5,265.329987,261.200012,6497500
20-Mar-17,260.600006,261.920013,264.549988,258.820007,3614300
21-Mar-17,262.829987,250.679993,264.799988,250.240005,6908600
22-Mar-17,251.559998,255.009995,255.070007,250.509995,4059300
23-Mar-17,255.389999,254.779999,257.670013,253.300003,3320200
24-Mar-17,255.699997,263.160004,263.890015,255.009995,5647300
27-Mar-17,260.600006,270.220001,270.570007,259.75,6230800
28-Mar-17,277.019989,277.450012,280.679993,275,7987600
29-Mar-17,278.339996,277.380005,279.600006,275.540009,3676200
30-Mar-17,278.040009,277.920013,282,277.209991,4148400
31-Mar-17,278.730011,278.299988,279.679993,276.320007,3294600
3-Apr-17,286.899994,298.519989,299,284.579987,13888600
4-Apr-17,296.890015,303.700012,304.809998,294.529999,10134600
5-Apr-17,302.040009,295,304.880005,294.200012,7880900
6-Apr-17,296.880005,298.700012,301.940002,294.100006,5520600
7-Apr-17,297.5,302.540009,302.690002,297.149994,4579600
10-Apr-17,309.149994,312.390015,313.730011,308.709991,7664500
11-Apr-17,313.380005,308.709991,313.470001,305.5,5724600
12-Apr-17,306.339996,296.839996,308.450012,296.320007,6050700
13-Apr-17,296.700012,304,307.390015,295.299988,9284600
17-Apr-17,302.700012,301.440002,304,298.679993,4138700
18-Apr-17,299.700012,300.25,300.839996,297.899994,3035700
19-Apr-17,302.459991,305.519989,306.619995,302.109985,3898000
20-Apr-17,306.51001,302.51001,309.149994,300.230011,6149400
21-Apr-17,302,305.600006,306.399994,300.420013,4509800
24-Apr-17,309.220001,308.029999,310.549988,306.019989,5083500
25-Apr-17,308,313.790009,313.980011,305.859985,6737700
26-Apr-17,312.369995,310.170013,314.5,309,4695000
27-Apr-17,311.690002,308.630005,313.089996,307.5,3468600
28-Apr-17,309.829987,314.070007,314.799988,308,4463400
1-May-17,314.880005,322.829987,327.25,314.809998,8829600
2-May-17,324,318.890015,327.660004,316.559998,5382800
3-May-17,317.670013,311.019989,321.529999,310.450012,7133400
4-May-17,307.440002,295.459991,307.769989,290.76001,14152000
5-May-17,298,308.350006,308.549988,296.799988,8177300
8-May-17,310.899994,307.190002,313.790009,305.820007,7006500
9-May-17,309.380005,321.26001,321.98999,309.100006,9676500
10-May-17,321.559998,325.220001,325.5,318.119995,5741600
11-May-17,323.399994,323.100006,326,319.600006,4753800
12-May-17,325.480011,324.809998,327,321.529999,4121600
15-May-17,318.380005,315.880005,320.200012,312.529999,7622000
16-May-17,317.589996,317.01001,320.059998,315.140015,4152500
17-May-17,314.390015,306.109985,314.630005,305.5,6711900
18-May-17,307,313.059998,313.940002,305.309998,5653800
19-May-17,315.5,310.829987,316.5,310.200012,4687600
22-May-17,312.799988,310.350006,314.369995,306.799988,4329200
23-May-17,310.459991,303.859985,310.730011,303.480011,4318400
24-May-17,306.51001,310.220001,311,305.399994,5033300
25-May-17,311.019989,316.829987,316.970001,307.809998,5014000
26-May-17,317.279999,325.140015,325.48999,316.309998,7802200
30-May-17,326,335.100006,336.279999,325.76001,7782900
31-May-17,337.690002,341.01001,342.890015,335.160004,9963400
1-Jun-17,344,340.369995,344.880005,337.290009,7608000
2-Jun-17,339.769989,339.850006,342.880005,335.929993,5590200
5-Jun-17,338.5,347.320007,348.440002,334.209991,6784400
6-Jun-17,344.700012,352.850006,359.48999,339.970001,11086800
7-Jun-17,356.339996,359.649994,360.5,355.140015,9398000
8-Jun-17,363.75,370,371.899994,360.220001,9009800
9-Jun-17,374.420013,357.320007,376.869995,354.799988,17261400
12-Jun-17,357.98999,359.01001,364.5,350.619995,10517700
13-Jun-17,367.619995,375.950012,376,366.609985,11807900
14-Jun-17,381.089996,380.660004,384.25,376.309998,12818400
15-Jun-17,372.5,375.339996,375.459991,366.48999,10426500
16-Jun-17,377.980011,371.399994,378.01001,370.100006,6731000
19-Jun-17,375,369.799988,376.700012,367.799988,6549300
20-Jun-17,376.670013,372.23999,378.880005,369.730011,7438700
21-Jun-17,374.350006,376.399994,376.98999,368.019989,4923200
22-Jun-17,377.98999,382.609985,385,373.570007,7529800
23-Jun-17,382.450012,383.450012,386.98999,379.350006,6445800
26-Jun-17,386.690002,377.48999,386.950012,373.100006,6604100
27-Jun-17,376.399994,362.369995,376.399994,362.019989,6996400
28-Jun-17,366.679993,371.23999,371.73999,362.519989,6302500
29-Jun-17,370.609985,360.75,371,354.100006,8221000
30-Jun-17,363.709991,361.609985,366.769989,359.619995,5848500
3-Jul-17,370.23999,352.619995,371.350006,351.5,6305400
5-Jul-17,347.200012,327.089996,347.23999,326.329987,17046700
6-Jul-17,317.26001,308.829987,320.790009,306.299988,19324500
7-Jul-17,313.5,313.220001,317,307.380005,14176900
10-Jul-17,312.899994,316.049988,317.940002,303.130005,13820900
11-Jul-17,316,327.220001,327.279999,314.299988,11559400
12-Jul-17,330.399994,329.519989,333.100006,324.5,10346100
13-Jul-17,330.109985,323.410004,331.600006,319.970001,8594500
14-Jul-17,323.190002,327.779999,328.420013,321.220001,5625200
17-Jul-17,325.540009,319.570007,327.100006,313.450012,9876900
18-Jul-17,317.5,328.23999,329.130005,315.660004,6373700
19-Jul-17,328.230011,325.26001,331.649994,323.220001,6357000
20-Jul-17,326.899994,329.920013,330.220001,324.200012,5166200
21-Jul-17,329.459991,328.399994,331.26001,325.799988,4901600
24-Jul-17,330.23999,342.519989,343.399994,330.01001,8637100
25-Jul-17,345,339.600006,345.600006,334.149994,6989200
26-Jul-17,340.359985,343.850006,345.5,338.119995,4820800
27-Jul-17,346,334.459991,347.5,326.290009,8302400
28-Jul-17,336.890015,335.070007,339.600006,332.51001,4880400
31-Jul-17,335.5,323.470001,341.48999,321.040009,8535100
1-Aug-17,323,319.570007,324.450012,316.130005,8303100
2-Aug-17,318.940002,325.890015,327.119995,311.220001,13091500
3-Aug-17,345.329987,347.089996,350,343.149994,13535000
4-Aug-17,347,356.910004,357.269989,343.299988,9268900
7-Aug-17,357.350006,355.170013,359.480011,352.75,6324500
8-Aug-17,357.529999,365.220001,368.579987,357.399994,7449800
9-Aug-17,361,363.529999,370,358.950012,6892100
10-Aug-17,361.600006,355.399994,366.649994,354.660004,7092900
11-Aug-17,356.970001,357.869995,361.26001,353.619995,4365800
14-Aug-17,364.630005,363.799988,367.660004,362.600006,4502700
15-Aug-17,365.200012,362.329987,365.48999,359.369995,3085100
16-Aug-17,363,362.910004,366.5,362.519989,3413800
17-Aug-17,361.209991,351.920013,363.299988,351.589996,5027700
18-Aug-17,352.910004,347.459991,354,345.799988,5408200
21-Aug-17,345.820007,337.859985,345.820007,331.850006,6495400
22-Aug-17,341.130005,341.350006,342.23999,337.369995,4322000
23-Aug-17,338.98999,352.769989,353.48999,338.299988,4954500
24-Aug-17,352.519989,352.929993,356.660004,349.73999,4584700
25-Aug-17,354.23999,348.049988,355.690002,347.299988,3484000
28-Aug-17,347.279999,345.660004,347.350006,339.720001,3764000
29-Aug-17,339.480011,347.359985,349.049988,338.75,4073700
30-Aug-17,349.670013,353.179993,353.470001,347,3412900
31-Aug-17,353.549988,355.899994,358.440002,352.820007,4072800
1-Sep-17,356.119995,355.399994,357.589996,353.690002,3049500
5-Sep-17,353.799988,349.589996,355.48999,345.890015,3835100
6-Sep-17,349.5,344.529999,350.980011,341.559998,4091400
7-Sep-17,345.980011,350.609985,352.480011,343.450012,4239200
8-Sep-17,348.98999,343.399994,349.779999,342.299988,3263500
11-Sep-17,351.350006,363.690002,363.709991,350,7667100
12-Sep-17,364.48999,362.75,368.76001,360.399994,5972900
13-Sep-17,363.820007,366.230011,368.070007,359.589996,4185200
14-Sep-17,364.329987,377.640015,377.959991,362.630005,7202500
15-Sep-17,374.51001,379.809998,380,372.700012,5420500
18-Sep-17,380.25,385,389.609985,377.679993,7188000
19-Sep-17,380,375.100006,382.390015,373.570007,6451900
20-Sep-17,373,373.910004,378.25,371.070007,4919100
21-Sep-17,374.899994,366.480011,376.829987,364.51001,4618200
22-Sep-17,366.48999,351.089996,369.899994,350.880005,8159400
25-Sep-17,353.149994,344.98999,357.470001,342.880005,7605900
26-Sep-17,350.929993,345.25,351.23999,340.899994,7156300
27-Sep-17,349.899994,340.970001,351.48999,340.5,6060300
28-Sep-17,339.880005,339.600006,342.75,335.399994,5319600
29-Sep-17,341.859985,341.100006,344.679993,338.600006,5107100
2-Oct-17,342.519989,341.529999,343.700012,335.51001,5286800
3-Oct-17,335.899994,348.140015,348.549988,331.279999,10153600
4-Oct-17,351.25,355.01001,358.619995,349.600006,8163500
5-Oct-17,356,355.329987,357.440002,351.350006,4171700
6-Oct-17,353.100006,356.880005,360.100006,352.25,4297500
9-Oct-17,349.649994,342.940002,351.75,342.670013,7493700
10-Oct-17,346.799988,355.589996,355.630005,345.529999,6978500
11-Oct-17,353.890015,354.600006,357.600006,351.149994,4500800
12-Oct-17,352.950012,355.679993,359.779999,352.640015,4087000
13-Oct-17,356.980011,355.570007,358.48999,353.679993,3540500
16-Oct-17,353.76001,350.600006,354.480011,347.160004,5375500
17-Oct-17,350.910004,355.75,356.220001,350.070007,3293300
18-Oct-17,355.970001,359.649994,363,354.130005,4939100
19-Oct-17,355.559998,351.809998,357.149994,348.200012,5061800
20-Oct-17,352.690002,345.100006,354.549988,344.339996,4930400
23-Oct-17,349.880005,337.019989,349.950012,336.25,5747300
24-Oct-17,338.799988,337.339996,342.799988,336.160004,4491700
25-Oct-17,336.700012,325.839996,337.5,323.559998,8594100
26-Oct-17,327.779999,326.170013,330.230011,323.200012,5023500
27-Oct-17,319.75,320.869995,324.589996,316.660004,6979700
30-Oct-17,319.179993,320.079987,323.779999,317.25,4254400
31-Oct-17,320.230011,331.529999,331.950012,320.179993,5672300
1-Nov-17,332.25,321.079987,332.609985,320.26001,8457300
2-Nov-17,300.130005,299.26001,308.690002,292.630005,19791400
3-Nov-17,299.5,306.089996,306.25,295.130005,8894000
6-Nov-17,307,302.779999,307.5,299.01001,6474100
7-Nov-17,301.019989,306.049988,306.5,300.029999,5294300
8-Nov-17,305.5,304.390015,306.890015,301.299988,4725300
9-Nov-17,302.5,302.98999,304.459991,296.299988,5447100
10-Nov-17,302.5,302.98999,308.359985,301.850006,4625400
13-Nov-17,300.130005,315.399994,316.799988,299.109985,7584900
14-Nov-17,315,308.700012,316.350006,306.899994,5676100
15-Nov-17,306.01001,311.299988,312.48999,301.5,5978700
16-Nov-17,313.98999,312.5,318.140015,311.299988,5822100
17-Nov-17,325.670013,315.049988,326.670013,313.149994,13735100
20-Nov-17,313.790009,308.73999,315.5,304.75,8247700
21-Nov-17,310.859985,317.809998,318.230011,308.709991,7261300
22-Nov-17,316.769989,312.600006,317.420013,311.839996,4917600
24-Nov-17,313.790009,315.549988,316.410004,311,3244100
27-Nov-17,313.25,316.809998,317.339996,309.51001,4555900
28-Nov-17,316.359985,317.549988,320,313.920013,4949500
29-Nov-17,317.299988,307.540009,318,301.230011,8767400
30-Nov-17,308.559998,308.850006,310.700012,304.540009,4351600
1-Dec-17,305.440002,306.529999,310.320007,305.049988,4292900
4-Dec-17,306.5,305.200012,308.269989,300.609985,5835100
5-Dec-17,302,303.700012,308,301,4646500
6-Dec-17,300.100006,313.26001,313.390015,300,7195300
7-Dec-17,312,311.23999,318.630005,311.049988,4780600
8-Dec-17,314.600006,315.130005,316.980011,311.26001,3468500
11-Dec-17,314.630005,328.910004,329.01001,313.75,7938000
12-Dec-17,330.450012,341.029999,341.440002,330.029999,8733200
13-Dec-17,340.929993,339.029999,344.220001,336.5,6221500
14-Dec-17,341.01001,337.890015,347.440002,336.899994,5799900
15-Dec-17,342.040009,343.450012,343.899994,335.76001,6933200
18-Dec-17,344.899994,338.869995,346.730011,337.579987,5476200
19-Dec-17,340.26001,331.100006,341.48999,330.299988,6825000
20-Dec-17,332.690002,328.980011,333.100006,325.040009,5953800
21-Dec-17,329.589996,331.660004,333.73999,327.209991,4385200
22-Dec-17,329.51001,325.200012,330.920013,324.820007,4215800
26-Dec-17,323.829987,317.290009,323.940002,316.579987,4378400
27-Dec-17,316,311.640015,317.679993,310.75,4712100
28-Dec-17,311.75,315.359985,315.820007,309.540009,4316300
29-Dec-17,316.179993,311.350006,316.410004,310,3777200
2-Jan-18,312,320.529999,322.109985,311,4352200
3-Jan-18,321,317.25,325.25,315.549988,4521500
4-Jan-18,312.869995,314.619995,318.549988,305.679993,9946300
5-Jan-18,316.619995,316.579987,317.23999,312,4591200
8-Jan-18,316,336.410004,337.019989,315.5,9859400
9-Jan-18,335.160004,333.690002,338.799988,327.399994,7146600
10-Jan-18,332.200012,334.799988,337,330,4309900
11-Jan-18,335.23999,337.950012,344.809998,333.26001,6645500
12-Jan-18,338.630005,336.220001,340.410004,333.670013,4825100
16-Jan-18,337.540009,340.059998,345,334.799988,6474300
17-Jan-18,340.470001,347.160004,349,339.75,7083700
18-Jan-18,345.670013,344.570007,352.299988,343.73999,5685800
19-Jan-18,345,350.019989,350.589996,342.600006,4888300
22-Jan-18,349.399994,351.559998,357.829987,349.200012,6210400
23-Jan-18,360,352.790009,360.5,351,5465400
24-Jan-18,354.579987,345.890015,354.75,343.519989,5287500
25-Jan-18,348.269989,337.640015,349.200012,336.399994,6740300
26-Jan-18,341.5,342.850006,344,335.709991,4539400
29-Jan-18,339.850006,349.529999,350.850006,338.279999,4747100
30-Jan-18,345.140015,345.820007,348.269989,342.170013,4717700
31-Jan-18,347.51001,354.309998,356.190002,345.190002,6214100
1-Feb-18,351,349.25,359.660004,348.630005,4197700
2-Feb-18,348.440002,343.75,351.950012,340.51001,3704800
5-Feb-18,337.970001,333.130005,344.470001,333,4464100
6-Feb-18,325.209991,333.970001,336.220001,323.5,5088400
7-Feb-18,338.98999,345,346,335.660004,6969200
8-Feb-18,343.309998,315.230011,348.619995,314.600006,10314600
9-Feb-18,319.929993,310.420013,320.980011,294.76001,12933700
12-Feb-18,316.130005,315.730011,318.079987,306.25,6227800
13-Feb-18,315.019989,323.660004,324.190002,312.51001,4560200
14-Feb-18,320.839996,322.309998,326.170013,318.519989,3950700
15-Feb-18,324.5,334.070007,334.119995,322.399994,5912900
16-Feb-18,332.5,335.48999,343.119995,331.640015,5642600
20-Feb-18,334.470001,334.769989,340.839996,331.5,4009400
21-Feb-18,336.029999,333.299988,339.690002,333.170013,3219600
22-Feb-18,335.529999,346.170013,347.440002,334.75,6969800
23-Feb-18,347.829987,352.049988,354.98999,347.100006,5817400
26-Feb-18,353.5,357.420013,359,352.359985,4340000
27-Feb-18,356.25,350.98999,359.98999,350.01001,4797400
28-Feb-18,352.570007,343.059998,355.23999,342.220001,6069700
1-Mar-18,345.01001,330.929993,348.670013,330.070007,6885600
2-Mar-18,326.980011,335.119995,335.220001,322.970001,5092800
5-Mar-18,332.390015,333.350006,337.75,329.290009,3823800
6-Mar-18,333.75,328.200012,336.369995,327.029999,4285700
7-Mar-18,325.440002,332.299988,332.5,321.73999,5007300
8-Mar-18,332.859985,329.100006,333.299988,326.269989,3566200
9-Mar-18,324.100006,327.170013,328.48999,322.369995,5506800
12-Mar-18,328.609985,345.51001,347.209991,326.5,8264000
13-Mar-18,328.609985,341.839996,347.209991,326.5,5965800
14-Mar-18,336.76001,326.630005,339.809998,323.929993,7967400
15-Mar-18,329.380005,325.600006,332.850006,321.100006,6564800
16-Mar-18,322.929993,321.350006,327.399994,319.070007,6117300
19-Mar-18,316.5,313.559998,320.75,309.670013,7484300
20-Mar-18,314.869995,310.549988,316.25,308.76001,4764300
21-Mar-18,310.25,316.529999,322.440002,310.190002,5958400
22-Mar-18,313.890015,309.100006,318.820007,308.179993,4939800
23-Mar-18,311.25,301.540009,311.25,300.450012,6654900
26-Mar-18,307.339996,304.179993,307.589996,291.359985,8375200
27-Mar-18,304,279.179993,304.269989,277.179993,13872000
28-Mar-18,264.579987,257.779999,268.679993,252.100006,21001400
29-Mar-18,256.48999,266.130005,270.959991,248.210007,15170700
2-Apr-18,256.26001,252.479996,260.329987,244.589996,16114000
3-Apr-18,269.820007,267.529999,273.350006,254.490005,18844400
4-Apr-18,252.779999,286.940002,288.369995,252,19896700
5-Apr-18,289.339996,305.720001,306.26001,288.200012,19121100
6-Apr-18,301,299.299988,309.279999,295.5,13520300
9-Apr-18,300.369995,289.660004,309.5,289.209991,10249800
10-Apr-18,298.970001,304.700012,307.100006,293.679993,10989800
11-Apr-18,300.73999,300.929993,308.980011,299.660004,7482900
12-Apr-18,302.320007,294.079987,303.950012,293.679993,7608800
13-Apr-18,303.600006,300.339996,303.950012,295.980011,7327200
16-Apr-18,299,291.209991,299.660004,289.01001,6338500
17-Apr-18,288.869995,287.690002,292.170013,282.51001,7000000
18-Apr-18,291.079987,293.350006,300.23999,288.160004,6557700
19-Apr-18,291.079987,300.079987,301.01001,288.549988,6090600
20-Apr-18,295.170013,290.23999,299.980011,289.75,5627900
23-Apr-18,291.290009,283.369995,291.619995,282.329987,4893400
24-Apr-18,285,283.459991,287.089996,278.459991,5685300
25-Apr-18,283.5,280.690002,285.160004,277.25,4013600
26-Apr-18,278.75,285.480011,285.790009,276.5,4356000
27-Apr-18,285.369995,294.079987,294.470001,283.829987,4364600
30-Apr-18,293.609985,293.899994,298.730011,292.5,4228200
1-May-18,293.51001,299.920013,300.820007,293.220001,4625600
2-May-18,298.570007,301.149994,306.850006,297.779999,8970400
3-May-18,278.790009,284.450012,288.040009,275.230011,17352100
4-May-18,283,294.089996,296.859985,279.519989,8569400
7-May-18,297.5,302.769989,305.959991,295.170013,8678200
8-May-18,300.799988,301.970001,307.75,299,5930000
9-May-18,300.410004,306.850006,307.01001,300.049988,5727400
10-May-18,307.5,305.019989,312.98999,304.109985,5651600
11-May-18,307.700012,301.059998,308.880005,299.079987,4679600
14-May-18,303.320007,291.970001,304.940002,291.619995,7286800
15-May-18,285.01001,284.179993,286.959991,280.5,9519200
16-May-18,283.829987,286.480011,288.809998,281.559998,5674000
17-May-18,285.899994,284.540009,289.190002,283.970001,4420600
18-May-18,284.649994,276.820007,284.649994,274,7251900
21-May-18,281.329987,284.48999,291.48999,281.299988,9182600
22-May-18,287.76001,275.01001,288,273.420013,8945800
23-May-18,277.76001,279.070007,279.910004,274,5953100
24-May-18,278.399994,277.850006,281.109985,274.890015,4176700
25-May-18,277.630005,278.850006,279.640015,275.609985,3875100
29-May-18,278.51001,283.76001,286.5,276.149994,5666600
30-May-18,283.290009,291.720001,295.01001,281.600006,7489700
31-May-18,287.209991,284.730011,290.369995,282.929993,5919700
1-Jun-18,285.859985,291.820007,291.950012,283.839996,5424400
4-Jun-18,294.339996,296.73999,299,293.549988,4797800
5-Jun-18,297.700012,291.130005,297.799988,286.73999,5995200
6-Jun-18,300.5,319.5,322.170013,297.480011,18767300
7-Jun-18,316.149994,316.089996,330,313.579987,14345300
8-Jun-18,319,317.660004,324.480011,317.149994,8205200
11-Jun-18,322.51001,332.100006,334.660004,322.5,13183500
12-Jun-18,344.700012,342.769989,354.970001,338,22347400
13-Jun-18,346.709991,344.779999,347.200012,339.799988,9469800
14-Jun-18,347.630005,357.720001,358.75,346.600006,10981000
15-Jun-18,353.839996,358.170013,364.670013,351.25,10848300
18-Jun-18,355.399994,370.829987,373.730011,354.5,12073200
19-Jun-18,365.160004,352.549988,370,346.25,12761900
20-Jun-18,358.040009,362.220001,364.380005,352,8383700
21-Jun-18,362,347.51001,366.209991,346.269989,7967100
22-Jun-18,351.540009,333.630005,352.25,332,10266100
25-Jun-18,330.119995,333.01001,338.470001,327.5,6931300
26-Jun-18,336.049988,342,343.549988,325.799988,7452500
27-Jun-18,345,344.5,350.790009,339.5,8333700
28-Jun-18,348.660004,349.929993,357.019989,346.109985,8398000
29-Jun-18,353.329987,342.950012,353.859985,342.410004,6492400
2-Jul-18,360.070007,335.070007,364.779999,329.850006,18759800
3-Jul-18,331.75,310.859985,332.48999,309.690002,12282600
5-Jul-18,313.76001,309.160004,314.390015,296.220001,17476400
6-Jul-18,304.950012,308.899994,312.070007,302,8865500
9-Jul-18,311.98999,318.51001,318.519989,308,7596800
10-Jul-18,324.559998,322.470001,327.679993,319.200012,9471500
11-Jul-18,315.799988,318.959991,321.940002,315.070007,4884100
12-Jul-18,321.429993,316.709991,323.230011,312.769989,5721200
13-Jul-18,315.579987,318.869995,319.579987,309.25,5869800
16-Jul-18,311.709991,310.100006,315.160004,306.25,7818700
17-Jul-18,308.809998,322.690002,324.73999,308.5,6996200
18-Jul-18,325,323.850006,325.5,316.25,5624200
19-Jul-18,316.329987,320.230011,323.540009,314.01001,5915300
20-Jul-18,321.230011,313.579987,323.23999,311.709991,5162200
23-Jul-18,301.839996,303.200012,305.5,292.859985,10992900
24-Jul-18,304.420013,297.429993,307.720001,292.549988,9590800
25-Jul-18,296.73999,308.73999,309.619995,294.5,7075400
26-Jul-18,304.850006,306.649994,310.700012,303.640015,4630500
27-Jul-18,307.25,297.179993,307.690002,295.339996,5703300
30-Jul-18,295.899994,290.170013,296.100006,286.130005,6814100
31-Jul-18,292.25,298.140015,298.320007,289.070007,5076900
1-Aug-18,297.98999,300.839996,303,293,10129400
2-Aug-18,328.440002,349.540009,349.98999,323.160004,23215000
3-Aug-18,347.809998,348.170013,355,342.529999,13656500
6-Aug-18,345.459991,341.98999,354.980011,341.820007,8564300
7-Aug-18,343.839996,379.570007,387.459991,339.149994,30875800
8-Aug-18,369.089996,370.339996,382.640015,367.119995,24571200
9-Aug-18,365.549988,352.450012,367.01001,345.730011,17103700
10-Aug-18,354,355.48999,360,346,11552000
13-Aug-18,361.130005,356.410004,363.190002,349.019989,10450200
14-Aug-18,358.450012,347.640015,359.200012,347.100006,6986400
15-Aug-18,341.910004,338.690002,344.48999,332.140015,9101300
16-Aug-18,339.910004,335.450012,342.279999,333.820007,6064000
17-Aug-18,323.5,305.5,326.769989,303.529999,18958600
20-Aug-18,291.700012,308.440002,308.5,288.200012,17402300
21-Aug-18,310.609985,321.899994,324.790009,309,13172200
22-Aug-18,320.869995,321.640015,323.880005,314.670013,5946000
23-Aug-18,319.140015,320.100006,327.320007,318.100006,5147300
24-Aug-18,320.700012,322.820007,323.850006,319.399994,3602600
27-Aug-18,318,319.269989,322.440002,308.809998,13079300
28-Aug-18,318.410004,311.859985,318.880005,311.190002,7649100
29-Aug-18,310.269989,305.01001,311.850006,303.690002,7447400
30-Aug-18,302.26001,303.149994,304.600006,297.720001,7216700
31-Aug-18,302,301.660004,305.309998,298.600006,5375100
4-Sep-18,296.940002,288.950012,298.190002,288,8350500
5-Sep-18,285.049988,280.73999,286.779999,277.179993,7720800
6-Sep-18,284.799988,280.950012,291.170013,278.880005,7480800
7-Sep-18,260.100006,263.23999,268.350006,252.25,22491900
10-Sep-18,273.26001,285.5,286.029999,271,14283500
11-Sep-18,279.470001,279.440002,282,273.549988,9170000
12-Sep-18,281.440002,290.540009,292.5,278.649994,10015400
13-Sep-18,288.019989,289.459991,295,285.179993,6340300
14-Sep-18,288.76001,295.200012,297.329987,286.519989,6765600
17-Sep-18,290.040009,294.839996,300.869995,288.130005,6887600
18-Sep-18,296.690002,284.959991,302.640015,275.5,16547500
19-Sep-18,280.51001,299.019989,300,280.5,8294900
20-Sep-18,303.559998,298.329987,305.980011,293.329987,7349400
21-Sep-18,297.700012,299.100006,300.579987,295.369995,5050500
24-Sep-18,298.480011,299.679993,303,293.579987,4843000
25-Sep-18,300,300.98999,304.600006,296.5,4481700
26-Sep-18,301.910004,309.579987,313.890015,301.109985,7843200
27-Sep-18,312.899994,307.519989,314.959991,306.910004,8509100
28-Sep-18,270.26001,264.769989,278,260.559998,33649700
1-Oct-18,305.769989,310.700012,311.440002,301.049988,21777600
2-Oct-18,313.950012,301.019989,316.839996,299.149994,11743500
3-Oct-18,303.329987,294.799988,304.600006,291.570007,7995000
4-Oct-18,293.950012,281.829987,294,277.670013,9814200
5-Oct-18,274.649994,261.950012,274.880005,260,17944500
8-Oct-18,264.519989,250.559998,267.76001,249,13472700
9-Oct-18,255.25,262.799988,266.769989,253.300003,12060600
10-Oct-18,264.609985,256.880005,265.51001,247.770004,12815300
11-Oct-18,257.529999,252.229996,262.25,249.029999,8167700
12-Oct-18,261,258.779999,261.98999,252.009995,7201400
15-Oct-18,259.059998,259.589996,263.279999,254.539993,6200000
16-Oct-18,265.700012,276.589996,277.380005,262.23999,9526400
17-Oct-18,282.399994,271.779999,282.700012,265.799988,8655500
18-Oct-18,269.290009,263.910004,271,263,5421200
19-Oct-18,267.390015,260,269.660004,253.5,9375500
22-Oct-18,260.679993,260.950012,261.859985,252.589996,5600300
23-Oct-18,263.869995,294.140015,297.929993,262.100006,19027800
24-Oct-18,301.049988,288.5,304.440002,285.730011,20058300
25-Oct-18,317.220001,314.859985,321,301.01001,20840700
26-Oct-18,308.25,330.899994,339.899994,306.649994,27425500
29-Oct-18,337.470001,334.850006,347.160004,326.5,14486000
30-Oct-18,328.390015,329.899994,337.899994,322.26001,9126700
31-Oct-18,332.540009,337.320007,342,329.100006,7624300
1-Nov-18,338.26001,344.279999,347.839996,334.730011,8000100
2-Nov-18,343.73999,346.410004,349.200012,340.910004,7808000
5-Nov-18,340.5,341.399994,343.959991,330.140015,7831000
6-Nov-18,339.070007,341.059998,348.799988,336.089996,6762900
7-Nov-18,343.339996,348.160004,351.179993,340.799988,7374500
8-Nov-18,348.5,351.399994,357.579987,348.440002,7090700
9-Nov-18,349,350.51001,354,345.230011,5098800
12-Nov-18,348.369995,331.279999,349.779999,330.339996,6941500
13-Nov-18,333.160004,338.730011,344.700012,332.200012,5448600
14-Nov-18,342.700012,344,347.109985,337.149994,5040300
15-Nov-18,342.329987,348.440002,348.579987,339.040009,4625700
16-Nov-18,345.190002,354.309998,355.700012,345.119995,7206200
19-Nov-18,356.339996,353.470001,366.75,352.880005,9708900
20-Nov-18,341.75,347.48999,349.799988,333.549988,8004700
21-Nov-18,352,338.190002,353.100006,337.399994,4686800
23-Nov-18,334.350006,325.829987,337.5,325.549988,4202600
26-Nov-18,325,346,346.220001,325,7992100
27-Nov-18,340.049988,343.920013,346.959991,335.5,6358300
28-Nov-18,345.98999,347.869995,348.279999,342.209991,4127600
29-Nov-18,347,341.170013,347.5,339.549988,3080700
30-Nov-18,341.829987,350.480011,351.600006,338.26001,5629100
3-Dec-18,360,358.48999,366,352,8306500
4-Dec-18,356.049988,359.700012,368.679993,352,8461900
6-Dec-18,356.01001,363.059998,367.380005,350.76001,7842500
7-Dec-18,369,357.970001,379.48999,357.649994,11511200
10-Dec-18,360,365.149994,365.980011,353.119995,6613500
11-Dec-18,369.910004,366.76001,372.170013,360.230011,6308800
12-Dec-18,369.420013,366.600006,371.910004,365.160004,5027000
13-Dec-18,370.149994,376.790009,377.440002,366.75,7365900
14-Dec-18,375,365.709991,377.869995,364.329987,6337600
17-Dec-18,362,348.420013,365.700012,343.880005,7674000
18-Dec-18,350.540009,337.029999,351.549988,333.690002,7100000
19-Dec-18,337.600006,332.970001,347.01001,329.73999,8274200
20-Dec-18,327.049988,315.380005,330.290009,311.869995,9071900
21-Dec-18,317.399994,319.769989,323.470001,312.440002,8016800
24-Dec-18,313.5,295.390015,314.5,295.200012,5559900
26-Dec-18,300,326.089996,326.970001,294.089996,8163100
27-Dec-18,319.839996,316.130005,322.170013,301.5,8575100
28-Dec-18,323.100006,333.869995,336.23999,318.410004,9939000
31-Dec-18,337.790009,332.799988,339.209991,325.26001,6302300
2-Jan-19,306.100006,310.119995,315.130005,298.799988,11658600
3-Jan-19,307,300.359985,309.399994,297.380005,6954400
4-Jan-19,306,317.690002,318,302.730011,7394100
7-Jan-19,321.720001,334.959991,336.73999,317.75,7551200
8-Jan-19,341.959991,335.350006,344.01001,327.019989,7008500
9-Jan-19,335.5,338.529999,343.5,331.470001,5432900
10-Jan-19,334.399994,344.970001,345.390015,331.790009,6056400
11-Jan-19,342.089996,347.26001,348.410004,338.769989,5039100
14-Jan-19,342.380005,334.399994,342.5,334,5247300
15-Jan-19,335,344.429993,348.799988,334.5,6056600
16-Jan-19,344.779999,346.049988,352,343.5,4691700
17-Jan-19,346.209991,347.309998,351.5,344.149994,3676700
18-Jan-19,323,302.26001,327.130005,299.730011,24150800
22-Jan-19,304.820007,298.920013,308,295.5,12066700
23-Jan-19,292.5,287.589996,294.5,281.690002,12530000
24-Jan-19,283.029999,291.51001,293.679993,279.279999,8012200
25-Jan-19,294.390015,297.040009,298.519989,289.549988,7249600
28-Jan-19,292.910004,296.380005,297.459991,287.75,6423300
29-Jan-19,295.269989,297.459991,298.559998,291.799988,4621700
30-Jan-19,300.450012,308.769989,309,298.48999,11250300
31-Jan-19,301,307.019989,311.559998,294,12569200
1-Feb-19,305.420013,312.209991,316.100006,303.5,7283400
4-Feb-19,312.980011,312.890015,315.299988,301.880005,7352100
5-Feb-19,312.48999,321.350006,322.440002,312.25,6742800
6-Feb-19,319.589996,317.220001,324.23999,315.619995,5038500
7-Feb-19,313.299988,307.51001,314.700012,303,6520600
8-Feb-19,306.829987,305.799988,307.450012,298.5,5844200
11-Feb-19,311.600006,312.839996,318.600006,310.5,7129700
12-Feb-19,316.200012,311.809998,318.190002,309.619995,5517600
13-Feb-19,312.350006,308.170013,312.75,305.570007,5141600
14-Feb-19,303.380005,303.769989,306.769989,301,5200800
15-Feb-19,304.5,307.880005,308,303.899994,3904900
19-Feb-19,306.559998,305.640015,311.540009,305.470001,4168400
20-Feb-19,304.410004,302.559998,306.299988,299,7142100
21-Feb-19,301.809998,291.230011,303.23999,290.5,8909200
22-Feb-19,294.48999,294.709991,296.5,292.100006,5740600
25-Feb-19,297.910004,298.769989,302.899994,297,6626500
26-Feb-19,292.220001,297.859985,302.01001,288.769989,8582500
27-Feb-19,301.779999,314.73999,316.299988,300.549988,11183900
28-Feb-19,318.920013,319.880005,320,310.809998,10520700
1-Mar-19,306.940002,294.790009,307.130005,291.899994,22911400
4-Mar-19,298.119995,285.359985,299,282.779999,17096800
5-Mar-19,282,276.540009,284,270.100006,18764700
6-Mar-19,276.480011,276.23999,281.51001,274.390015,10335500
7-Mar-19,278.839996,276.589996,284.700012,274.25,9420000
8-Mar-19,276.910004,284.140015,285.589996,275.890015,8819600
11-Mar-19,283.519989,290.920013,291.279999,280.5,7392300
12-Mar-19,286.48999,283.359985,288.070007,281.059998,7504100
13-Mar-19,283.899994,288.959991,291.98999,282.700012,6844700
14-Mar-19,292.450012,289.959991,295.390015,288.290009,7103400
15-Mar-19,283.51001,275.429993,283.720001,274.399994,14785500
18-Mar-19,276,269.48999,278.049988,267.299988,10281000
19-Mar-19,267.5,267.470001,273.299988,263.459991,11800600
20-Mar-19,269.690002,273.600006,274.970001,266.299988,6908200
21-Mar-19,272.600006,274.019989,276.450012,268.450012,5947100
22-Mar-19,272.579987,264.529999,272.799988,264,8745600
25-Mar-19,259.709991,260.420013,263.179993,254.460007,10215000
26-Mar-19,264.440002,267.769989,270.26001,264.429993,7350900
27-Mar-19,268.75,274.829987,275.369995,268.179993,8779200
28-Mar-19,277.160004,278.619995,280.329987,275.100006,6774100
29-Mar-19,278.700012,279.859985,280.160004,274.5,5991300
1-Apr-19,282.619995,289.179993,289.200012,281.279999,8110400
2-Apr-19,288.299988,285.880005,289.440002,283.880005,5478900
3-Apr-19,287.320007,291.809998,296.170013,287.170013,7929900
4-Apr-19,261.890015,267.779999,271.200012,260.589996,23720700
5-Apr-19,269.859985,274.959991,276.100006,266.109985,13038300
8-Apr-19,277.690002,273.200012,281.160004,270.440002,10410400
9-Apr-19,271.649994,272.309998,275,269.609985,5904000
10-Apr-19,276.73999,276.059998,278.380005,272.890015,7061300
11-Apr-19,268.299988,268.420013,270.5,265.600006,9835900
12-Apr-19,270.220001,267.700012,271.950012,266.829987,6746000
15-Apr-19,268.630005,266.380005,268.880005,258.630005,10038600
16-Apr-19,265.75,273.359985,275,264.720001,7272900
17-Apr-19,274.75,271.230011,274.790009,268.540009,5126500
18-Apr-19,271.230011,273.26001,274.839996,269.75,5876300
22-Apr-19,269,262.75,269.679993,262.480011,12147100
23-Apr-19,260.149994,263.899994,265.600006,255.75,10943900
24-Apr-19,263.850006,258.660004,265.320007,258,10727500
25-Apr-19,255,247.630005,259,246.070007,21849400
26-Apr-19,246.5,235.139999,246.679993,231.130005,22360700
29-Apr-19,235.860001,241.470001,243.979996,232.169998,16714500
30-Apr-19,242.059998,238.690002,244.210007,237,9464600
1-May-19,238.850006,234.009995,240,231.5,10704400
2-May-19,245.520004,244.100006,247.130005,237.720001,18159300
3-May-19,243.860001,255.029999,256.609985,243.490005,23706800
6-May-19,250.020004,255.339996,258.350006,248.5,10833900
7-May-19,256.799988,247.059998,257.209991,245.100006,10131400
8-May-19,246.940002,244.839996,250.600006,244.199997,6176400
9-May-19,242,241.979996,243.679993,236.940002,6711400
10-May-19,239.75,239.520004,241.990005,236.020004,7008300
13-May-19,232.009995,227.009995,232.470001,224.5,10834800
14-May-19,229.300003,232.309998,234.5,228,7252400
15-May-19,229.320007,231.949997,232.440002,225.25,7296000
16-May-19,229.490005,228.330002,231,226.5,7483300
17-May-19,221.960007,211.029999,222.240005,208.919998,17786700
20-May-19,202.800003,205.360001,206,195.25,20526200
21-May-19,197.759995,205.080002,207.399994,196.039993,18003900
22-May-19,199.100006,192.729996,203.940002,191.779999,18685200
23-May-19,194.339996,195.490005,199.470001,186.220001,26547100
24-May-19,199.830002,190.630005,199.979996,188.75,14136600
28-May-19,191.199997,188.699997,195,187.850006,10312900
29-May-19,187.100006,189.860001,192.389999,185.039993,11968600
30-May-19,188.75,188.220001,192.259995,187.020004,7926500
31-May-19,185.100006,185.160004,189.919998,184.100006,10406700
3-Jun-19,185.509995,178.970001,186.679993,176.990005,13064400
4-Jun-19,181.100006,193.600006,193.979996,179.610001,13807500
5-Jun-19,198.679993,196.589996,201.279999,191.850006,13510800
6-Jun-19,204.440002,205.949997,211,201.800003,20242200
7-Jun-19,205,204.5,210.839996,203.5,16003500
10-Jun-19,210.25,212.880005,216.940002,209.009995,10585000
11-Jun-19,219.139999,217.100006,220.899994,213.5,11653500
12-Jun-19,222.949997,209.259995,223.380005,209,15197500
13-Jun-19,210.380005,213.910004,214.899994,207.509995,8168300
14-Jun-19,211.25,214.919998,216.649994,210.399994,7433400
17-Jun-19,215.479996,225.029999,227,214.270004,12316800
18-Jun-19,228.720001,224.740005,234.740005,222.559998,12715800
19-Jun-19,225.110001,226.429993,227.770004,221.059998,6575100
20-Jun-19,223,219.619995,226.899994,216.350006,11863500
21-Jun-19,216.220001,221.860001,222.179993,215.5,8202100
24-Jun-19,223.240005,223.639999,225.860001,221.020004,5750800
25-Jun-19,224.389999,219.759995,225.339996,219.490005,6182100
26-Jun-19,220.309998,219.270004,227.229996,218.100006,8507200
27-Jun-19,219.449997,222.839996,222.899994,217.350006,6339700
28-Jun-19,220.990005,223.460007,225.169998,220.800003,6851400